-- phpMyAdmin SQL Dump
-- version 4.7.9
-- https://www.phpmyadmin.net/
--
-- Host: localhost
-- Generation Time: May 04, 2018 at 09:12 PM
-- Server version: 10.1.31-MariaDB
-- PHP Version: 7.0.28

SET SQL_MODE = "NO_AUTO_VALUE_ON_ZERO";
SET AUTOCOMMIT = 0;
START TRANSACTION;
SET time_zone = "+00:00";


/*!40101 SET @OLD_CHARACTER_SET_CLIENT=@@CHARACTER_SET_CLIENT */;
/*!40101 SET @OLD_CHARACTER_SET_RESULTS=@@CHARACTER_SET_RESULTS */;
/*!40101 SET @OLD_COLLATION_CONNECTION=@@COLLATION_CONNECTION */;
/*!40101 SET NAMES utf8mb4 */;

--
-- Database: `naturalResort`
--

-- --------------------------------------------------------

--
-- Table structure for table `agent`
--

CREATE TABLE `agent` (
  `agentId` int(11) NOT NULL,
  `agentName` varchar(100) NOT NULL
) ENGINE=InnoDB DEFAULT CHARSET=utf8;

--
-- Dumping data for table `agent`
--

INSERT INTO `agent` (`agentId`, `agentName`) VALUES
(18, 'royal phuket city'),
(47, 'seatran phuket');

-- --------------------------------------------------------

--
-- Table structure for table `couponDetail`
--

CREATE TABLE `couponDetail` (
  `couponId` int(11) NOT NULL,
  `runNoStart` varchar(50) NOT NULL,
  `runNoEnd` varchar(50) NOT NULL,
  `agentId` int(11) DEFAULT NULL,
  `roomNo` int(11) DEFAULT NULL,
  `checkIn` date DEFAULT NULL,
  `checkOut` date DEFAULT NULL,
  `totalDate` int(11) DEFAULT NULL,
  `pax` int(11) DEFAULT NULL,
  `remarks` text,
  `userId` int(11) DEFAULT NULL,
  `type` tinyint(4) NOT NULL DEFAULT '1' COMMENT '1=normal 2=reprint',
  `created` datetime NOT NULL DEFAULT CURRENT_TIMESTAMP
) ENGINE=InnoDB DEFAULT CHARSET=utf8;

--
-- Dumping data for table `couponDetail`
--

INSERT INTO `couponDetail` (`couponId`, `runNoStart`, `runNoEnd`, `agentId`, `roomNo`, `checkIn`, `checkOut`, `totalDate`, `pax`, `remarks`, `userId`, `type`, `created`) VALUES
(91, '201804230001', '201804230003', 18, 234, '2018-04-23', '2018-04-26', 3, 1, '', NULL, 1, '2018-04-23 16:48:04'),
(92, '201804230001', '201804230003', NULL, NULL, NULL, NULL, NULL, NULL, 'พิมพ์ผิด', NULL, 2, '2018-04-23 16:48:04'),
(93, '201804230004', '201804230008', 18, 222, '2018-04-23', '2018-04-28', 5, 1, '', NULL, 1, '2018-04-23 16:48:04'),
(95, '201804230001', '201804230001', NULL, NULL, NULL, NULL, NULL, NULL, 'พิมพ์ผิด', NULL, 2, '2018-04-23 16:48:31'),
(96, '201804230001', '201804230005', NULL, NULL, NULL, NULL, NULL, NULL, 'พิมพ์ผิด', NULL, 2, '2018-04-24 10:44:53'),
(97, '201804230001', '201804230001', NULL, NULL, NULL, NULL, NULL, NULL, 'ใส่รหัสผิด', NULL, 2, '2018-04-24 10:47:16'),
(98, '201804230002', '201804230005', NULL, NULL, NULL, NULL, NULL, NULL, 'กดพลาด', NULL, 2, '2018-04-24 11:08:28'),
(99, '201804230003', '201804230005', NULL, NULL, NULL, NULL, NULL, NULL, 'ทดสอบ', NULL, 2, '2018-04-24 11:13:56'),
(100, '201804230003', '201804230003', NULL, NULL, NULL, NULL, NULL, NULL, 'ทดสอบ', NULL, 2, '2018-04-24 11:15:27'),
(101, '201804230003', '201804230003', NULL, NULL, NULL, NULL, NULL, NULL, 'ทดสอบ', NULL, 2, '2018-04-24 11:16:12'),
(102, '201804250009', '201804250010', 18, 423, '2018-04-25', '2018-04-26', 1, 2, 'test', NULL, 1, '2018-04-25 09:08:20'),
(103, '201804250011', '201804250014', 18, 123, '2018-04-25', '2018-04-27', 2, 2, '', NULL, 1, '2018-04-25 12:12:59'),
(104, '201804230001', '201804230001', NULL, NULL, NULL, NULL, NULL, NULL, 'test', NULL, 2, '2018-04-25 20:25:41'),
(105, '201804230001', '201804230001', NULL, NULL, NULL, NULL, NULL, NULL, 'ddsd', NULL, 2, '2018-04-25 20:32:18'),
(106, '201804230001', '201804230001', NULL, NULL, NULL, NULL, NULL, NULL, 'test', NULL, 2, '2018-04-25 20:32:57'),
(107, '201804230001', '201804230001', NULL, NULL, NULL, NULL, NULL, NULL, 'asdfads', NULL, 2, '2018-04-25 20:33:20'),
(108, '201804230001', '201804230001', NULL, NULL, NULL, NULL, NULL, NULL, 'test', NULL, 2, '2018-04-25 20:34:36'),
(109, '201804230001', '201804230001', NULL, NULL, NULL, NULL, NULL, NULL, 'testtest', NULL, 2, '2018-04-25 20:35:03'),
(110, '201804250013', '201804250014', NULL, NULL, NULL, NULL, NULL, NULL, 'ทดสอบ', NULL, 2, '2018-04-25 21:10:08'),
(111, '201804230001', '201804230001', NULL, NULL, NULL, NULL, NULL, NULL, 'test', NULL, 2, '2018-04-25 21:30:44'),
(112, '201804230001', '201804230001', NULL, NULL, NULL, NULL, NULL, NULL, 'erere', NULL, 2, '2018-04-25 21:30:50'),
(113, '201804230001', '201804230001', NULL, NULL, NULL, NULL, NULL, NULL, 'wrwerwer', NULL, 2, '2018-04-25 21:30:54'),
(114, '201804230001', '201804230001', NULL, NULL, NULL, NULL, NULL, NULL, 'dfsfdsf', NULL, 2, '2018-04-25 21:30:58'),
(115, '201804230001', '201804230001', NULL, NULL, NULL, NULL, NULL, NULL, 'sdfdsfdsf', NULL, 2, '2018-04-25 21:31:01'),
(116, '201804230001', '201804230001', NULL, NULL, NULL, NULL, NULL, NULL, 'ทดสอบ', NULL, 2, '2018-04-27 13:31:06'),
(117, '201804230001', '201804230001', NULL, NULL, NULL, NULL, NULL, NULL, 'เอาใหม่', NULL, 2, '2018-04-27 13:31:12'),
(118, '201804230001', '201804230001', NULL, NULL, NULL, NULL, NULL, NULL, 'ทดสอบ', NULL, 2, '2018-04-29 10:52:36'),
(119, '201804230001', '201804230002', NULL, NULL, NULL, NULL, NULL, NULL, 'หกดฟกดฟหกด', NULL, 2, '2018-04-29 10:52:52'),
(120, '201804230001', '201804230002', NULL, NULL, NULL, NULL, NULL, NULL, 'ฟกดฟหดก', NULL, 2, '2018-04-29 10:55:37'),
(121, '201804230001', '201804230002', NULL, NULL, NULL, NULL, NULL, NULL, 'ฟกหดฟกหด', NULL, 2, '2018-04-29 10:56:15'),
(122, '201804230001', '201804230002', NULL, NULL, NULL, NULL, NULL, NULL, 'afasdfsad', NULL, 2, '2018-04-29 10:57:21'),
(123, '201804230001', '201804230002', NULL, NULL, NULL, NULL, NULL, NULL, 'sfdsfsd', NULL, 2, '2018-04-29 10:58:55'),
(124, '201804230001', '201804230002', NULL, NULL, NULL, NULL, NULL, NULL, 'adasfdasf', NULL, 2, '2018-04-29 10:59:35'),
(125, '201804230001', '201804230002', NULL, NULL, NULL, NULL, NULL, NULL, 'asdfasd', NULL, 2, '2018-04-29 10:59:54'),
(126, '201804230001', '201804230002', NULL, NULL, NULL, NULL, NULL, NULL, 'sdfds', NULL, 2, '2018-04-29 11:00:51'),
(127, '201804230001', '201804230002', NULL, NULL, NULL, NULL, NULL, NULL, 'dsafas', NULL, 2, '2018-04-29 11:01:27'),
(128, '201804230001', '201804230002', NULL, NULL, NULL, NULL, NULL, NULL, 'asdfsdafsdfsadf', NULL, 2, '2018-04-29 11:01:32'),
(129, '201804230001', '201804230002', NULL, NULL, NULL, NULL, NULL, NULL, 'xxxx', NULL, 2, '2018-04-29 11:01:55'),
(130, '201804230001', '201804230002', NULL, NULL, NULL, NULL, NULL, NULL, 'sdfdsf', NULL, 2, '2018-04-29 11:02:01'),
(131, '201804230001', '201804230002', NULL, NULL, NULL, NULL, NULL, NULL, 'ttttt', NULL, 2, '2018-04-29 11:02:22'),
(132, '201804230001', '201804230002', NULL, NULL, NULL, NULL, NULL, NULL, 'xxxx', NULL, 2, '2018-04-29 11:08:08'),
(133, '201804230001', '201804230002', NULL, NULL, NULL, NULL, NULL, NULL, 'dfdf', NULL, 2, '2018-04-29 11:09:31'),
(134, '201804230001', '201804230002', NULL, NULL, NULL, NULL, NULL, NULL, 'sadfasdd', NULL, 2, '2018-04-29 11:09:41'),
(135, '201804230001', '201804230002', NULL, NULL, NULL, NULL, NULL, NULL, 'test', NULL, 2, '2018-04-29 11:28:50'),
(136, '201804230001', '201804230002', NULL, NULL, NULL, NULL, NULL, NULL, 'test', NULL, 2, '2018-04-29 11:29:20'),
(137, '201804230001', '201804230002', NULL, NULL, NULL, NULL, NULL, NULL, 'xxxxx', NULL, 2, '2018-04-29 14:14:34'),
(138, '201804230001', '201804230002', NULL, NULL, NULL, NULL, NULL, NULL, 'ผ่าน', NULL, 2, '2018-04-29 14:16:22'),
(139, '201804230001', '201804230002', NULL, NULL, NULL, NULL, NULL, NULL, 'ทดสอบอีกสักรอบนะ', NULL, 2, '2018-04-29 14:50:55'),
(140, '201804230008', '201804230008', NULL, NULL, NULL, NULL, NULL, NULL, 'ทดสอบ', NULL, 2, '2018-04-29 14:53:34'),
(141, '201804290015', '201804290016', 18, 123, '2018-04-29', '2018-04-30', 1, 2, '', NULL, 1, '2018-04-29 15:18:22'),
(142, '201804290017', '201804290017', 47, 233, '2018-04-29', '2018-04-30', 1, 1, '', NULL, 1, '2018-04-29 16:13:39'),
(143, '201804230001', '201804230001', NULL, NULL, NULL, NULL, NULL, NULL, 'ล่าสุด', NULL, 2, '2018-04-29 16:36:21'),
(144, '201804300018', '201804300019', 18, 123, '2018-04-30', '2018-05-01', 1, 2, '', NULL, 1, '2018-04-30 12:24:23'),
(145, '201804300020', '201804300020', 18, 123, '2018-04-30', '2018-05-01', 1, 1, '', NULL, 1, '2018-04-30 12:24:36'),
(146, '201804300021', '201804300024', 47, 23, '2018-04-30', '2018-05-02', 2, 2, '', NULL, 1, '2018-04-30 12:25:13'),
(147, '201804300025', '201804300025', 18, 23, '2018-04-30', '2018-05-01', 1, 1, '', NULL, 1, '2018-04-30 12:37:58'),
(148, '201804300026', '201804300027', 47, 232, '2018-04-30', '2018-05-01', 1, 2, '', NULL, 1, '2018-04-30 16:13:51'),
(149, '201804300028', '201804300029', 18, 233, '2018-04-30', '2018-05-01', 1, 2, 'ล่าสุด royal\n', NULL, 1, '2018-04-30 16:45:26'),
(150, '201804300030', '201804300031', 18, 123, '2018-04-30', '2018-05-01', 1, 2, '', NULL, 1, '2018-04-30 18:47:08'),
(151, '201804230001', '201804230001', NULL, NULL, NULL, NULL, NULL, NULL, 'เลือกผิด', NULL, 2, '2018-04-30 18:48:06'),
(152, '201804230001', '201804230003', NULL, NULL, NULL, NULL, NULL, NULL, 'ทดสอบ', NULL, 2, '2018-04-30 18:48:20'),
(154, '20180550005', '201805500007', 18, 23, '2018-05-02', '2018-05-05', 3, 1, '', 19, 1, '2018-05-05 00:19:49'),
(155, '20180550008', '201805500008', 18, 23, '2018-05-05', '2018-05-06', 1, 1, '', 18, 1, '2018-05-05 00:23:16'),
(156, '20180550009', '201805500014', 18, 2323, '2018-05-04', '2018-05-07', 3, 2, '', 18, 1, '2018-05-05 00:23:37'),
(157, '20180550015', '201805500015', 18, 1232, '2018-05-05', '2018-05-06', 1, 1, '', 18, 1, '2018-05-05 01:16:59'),
(158, '20180550016', '201805500016', 18, 123, '2018-05-01', '2018-05-02', 1, 1, '', 18, 1, '2018-05-05 01:17:08'),
(159, '20180550017', '201805500017', 18, 1232, '2018-05-02', '2018-05-03', 1, 1, '', 18, 1, '2018-05-05 01:17:18'),
(160, '20180550018', '201805500018', 47, 1231, '2018-05-01', '2018-05-02', 1, 1, '', 18, 1, '2018-05-05 01:17:27'),
(161, '20180550019', '201805500019', 18, 123, '2018-05-05', '2018-05-06', 1, 1, '', 18, 1, '2018-05-05 01:17:36'),
(162, '20180550020', '201805500020', 18, 123, '2018-05-05', '2018-05-06', 1, 1, '123', 18, 1, '2018-05-05 01:17:45'),
(163, '20180550021', '201805500022', 18, 1231, '2018-05-03', '2018-05-05', 2, 1, '', 18, 1, '2018-05-05 01:18:09'),
(164, '20180550023', '201805500023', 18, 1231, '2018-05-05', '2018-05-06', 1, 1, '1', 18, 1, '2018-05-05 01:18:22'),
(165, '20180550024', '201805500024', 18, 123, '2018-05-05', '2018-05-06', 1, 1, '', 18, 1, '2018-05-05 01:51:34'),
(166, '20180550025', '201805500026', 18, 1, '2018-05-05', '2018-05-07', 2, 1, '', 18, 1, '2018-05-05 01:51:44'),
(167, '20180550027', '201805500027', 0, 234, '2018-05-05', '2018-05-06', 1, 1, '', 18, 1, '2018-05-05 01:51:53'),
(168, '20180550028', '201805500028', 18, 1, '2018-05-05', '2018-05-06', 1, 1, '1', 18, 1, '2018-05-05 01:52:22'),
(169, '20180550029', '201805500029', 47, 1, '2018-05-05', '2018-05-06', 1, 1, '', 18, 1, '2018-05-05 01:53:29'),
(170, '20180550030', '201805500030', 18, 1, '2018-05-05', '2018-05-06', 1, 1, '', 18, 1, '2018-05-05 01:54:35'),
(171, '20180550031', '201805500031', 0, 1, '2018-05-05', '2018-05-06', 1, 1, '', 18, 1, '2018-05-05 01:55:37'),
(172, '20180550032', '201805500032', 18, 123, '2018-05-05', '2018-05-06', 1, 1, '', 18, 1, '2018-05-05 01:56:40'),
(173, '20180550033', '201805500044', 18, 123, '2018-05-05', '2018-05-06', 1, 12, '', 18, 1, '2018-05-05 02:03:29');

-- --------------------------------------------------------

--
-- Table structure for table `couponList`
--

CREATE TABLE `couponList` (
  `couponListId` int(11) NOT NULL,
  `couponId` int(11) NOT NULL,
  `runNo` varchar(50) NOT NULL,
  `date` date NOT NULL
) ENGINE=InnoDB DEFAULT CHARSET=utf8;

--
-- Dumping data for table `couponList`
--

INSERT INTO `couponList` (`couponListId`, `couponId`, `runNo`, `date`) VALUES
(30, 91, '201804230001', '2018-04-24'),
(31, 91, '201804230002', '2018-04-25'),
(32, 91, '201804230003', '2018-04-26'),
(33, 93, '201804230004', '2018-04-24'),
(34, 93, '201804230005', '2018-04-25'),
(35, 93, '201804230006', '2018-04-26'),
(36, 93, '201804230007', '2018-04-27'),
(37, 93, '201804230008', '2018-04-28'),
(38, 102, '201804250009', '2018-04-26'),
(39, 102, '201804250010', '2018-04-26'),
(40, 103, '201804250011', '2018-04-26'),
(41, 103, '201804250012', '2018-04-27'),
(42, 103, '201804250013', '2018-04-26'),
(43, 103, '201804250014', '2018-04-27'),
(44, 141, '201804290015', '2018-04-30'),
(45, 141, '201804290016', '2018-04-30'),
(46, 142, '201804290017', '2018-04-30'),
(47, 144, '201804300018', '2018-05-01'),
(48, 144, '201804300019', '2018-05-01'),
(49, 145, '201804300020', '2018-05-01'),
(50, 146, '201804300021', '2018-05-01'),
(51, 146, '201804300022', '2018-05-02'),
(52, 146, '201804300023', '2018-05-01'),
(53, 146, '201804300024', '2018-05-02'),
(54, 147, '201804300025', '2018-05-01'),
(55, 148, '201804300026', '2018-05-01'),
(56, 148, '201804300027', '2018-05-01'),
(57, 149, '201804300028', '2018-05-01'),
(58, 149, '201804300029', '2018-05-01'),
(59, 150, '201804300030', '2018-05-01'),
(60, 150, '201804300031', '2018-05-01'),
(65, 154, '20180550005', '2018-05-03'),
(66, 154, '20180550006', '2018-05-04'),
(67, 154, '20180550007', '2018-05-05'),
(68, 155, '20180550008', '2018-05-06'),
(69, 156, '20180550009', '2018-05-05'),
(70, 156, '20180550010', '2018-05-06'),
(71, 156, '20180550011', '2018-05-07'),
(72, 156, '20180550012', '2018-05-05'),
(73, 156, '20180550013', '2018-05-06'),
(74, 156, '20180550014', '2018-05-07'),
(75, 157, '20180550015', '2018-05-06'),
(76, 158, '20180550016', '2018-05-02'),
(77, 159, '20180550017', '2018-05-03'),
(78, 160, '20180550018', '2018-05-02'),
(79, 161, '20180550019', '2018-05-06'),
(80, 162, '20180550020', '2018-05-06'),
(81, 163, '20180550021', '2018-05-04'),
(82, 163, '20180550022', '2018-05-05'),
(83, 164, '20180550023', '2018-05-06'),
(84, 165, '20180550024', '2018-05-06'),
(85, 166, '20180550025', '2018-05-06'),
(86, 166, '20180550026', '2018-05-07'),
(87, 167, '20180550027', '2018-05-06'),
(88, 168, '20180550028', '2018-05-06'),
(89, 169, '20180550029', '2018-05-06'),
(90, 170, '20180550030', '2018-05-06'),
(91, 171, '20180550031', '2018-05-06'),
(92, 172, '20180550032', '2018-05-06'),
(93, 173, '20180550033', '2018-05-06'),
(94, 173, '20180550034', '2018-05-06'),
(95, 173, '20180550035', '2018-05-06'),
(96, 173, '20180550036', '2018-05-06'),
(97, 173, '20180550037', '2018-05-06'),
(98, 173, '20180550038', '2018-05-06'),
(99, 173, '20180550039', '2018-05-06'),
(100, 173, '20180550040', '2018-05-06'),
(101, 173, '20180550041', '2018-05-06'),
(102, 173, '20180550042', '2018-05-06'),
(103, 173, '20180550043', '2018-05-06'),
(104, 173, '20180550044', '2018-05-06');

-- --------------------------------------------------------

--
-- Table structure for table `user`
--

CREATE TABLE `user` (
  `userId` int(11) NOT NULL,
  `username` varchar(50) NOT NULL,
  `password` varchar(50) NOT NULL,
  `name` varchar(100) DEFAULT NULL,
  `status` tinyint(4) NOT NULL DEFAULT '1'
) ENGINE=InnoDB DEFAULT CHARSET=utf8;

--
-- Dumping data for table `user`
--

INSERT INTO `user` (`userId`, `username`, `password`, `name`, `status`) VALUES
(18, 'boatnoodle', '123456', 'admin nat', 1),
(19, 'adminman', '123456', 'พี่แมน', 1),
(20, 'user', '123456', 'ผู้ใช้ทั่วไป', 1);

--
-- Indexes for dumped tables
--

--
-- Indexes for table `agent`
--
ALTER TABLE `agent`
  ADD PRIMARY KEY (`agentId`);

--
-- Indexes for table `couponDetail`
--
ALTER TABLE `couponDetail`
  ADD PRIMARY KEY (`couponId`);

--
-- Indexes for table `couponList`
--
ALTER TABLE `couponList`
  ADD PRIMARY KEY (`couponListId`);

--
-- Indexes for table `user`
--
ALTER TABLE `user`
  ADD PRIMARY KEY (`userId`);

--
-- AUTO_INCREMENT for dumped tables
--

--
-- AUTO_INCREMENT for table `agent`
--
ALTER TABLE `agent`
  MODIFY `agentId` int(11) NOT NULL AUTO_INCREMENT, AUTO_INCREMENT=48;

--
-- AUTO_INCREMENT for table `couponDetail`
--
ALTER TABLE `couponDetail`
  MODIFY `couponId` int(11) NOT NULL AUTO_INCREMENT, AUTO_INCREMENT=174;

--
-- AUTO_INCREMENT for table `couponList`
--
ALTER TABLE `couponList`
  MODIFY `couponListId` int(11) NOT NULL AUTO_INCREMENT, AUTO_INCREMENT=105;

--
-- AUTO_INCREMENT for table `user`
--
ALTER TABLE `user`
  MODIFY `userId` int(11) NOT NULL AUTO_INCREMENT, AUTO_INCREMENT=21;
COMMIT;

/*!40101 SET CHARACTER_SET_CLIENT=@OLD_CHARACTER_SET_CLIENT */;
/*!40101 SET CHARACTER_SET_RESULTS=@OLD_CHARACTER_SET_RESULTS */;
/*!40101 SET COLLATION_CONNECTION=@OLD_COLLATION_CONNECTION */;
